"","RC.77N.AA.Normal","RC.77N.AA.Normal.1","RC.77N.AA.Normal.2","RC.77T.AA.Primary_Tumor","RC.77T.AA.Primary_Tumor.1","RC.77T.AA.Primary_Tumor.2","p"
"hsa-miR-632_st2",-0.53,-0.58,-1.47,5.62,3.63,4.19,0.00409715773931226
"hsa-miR-654_st2",7.92,7.6,7.74,6.86,7.01,6.7,0.00224720449714486
"hsa-miR-188_st2",5.13,5.44,4.98,3.73,4.16,3.48,0.00642248263772812
"hsa-miR-484_st1",2.48,5.44,5.14,-1.96,-3.11,-1,0.00742229921842099
